IWN,NWN
505,0.73069307
351,0.70655271
505,0.7306931
422,0.7630332
505,0.7306931
471,0.7473461
505,0.7306931
423,0.7304965
490,0.7326531
423,0.6973995
505,0.7306931
450,0.7311111
505,0.7306931
505,0.7306931
505,0.7306931
505,0.7306931
505,0.7306931
505,0.7306931
505,0.7306931
505,0.7306931
