IWN,NWN
379,0.98680739
225,0.99555556
379,0.9868074
264,0.9848485
379,0.9868074
269,0.9814126
379,0.9868074
379,0.9868074
379,0.9868074
379,0.9868074
379,0.9868074
379,0.9868074
379,0.9868074
379,0.9868074
379,0.9868074
379,0.9868074
379,0.9868074
379,0.9868074
379,0.9868074
379,0.9868074
